{"scale": 0.9578188434670007, "dx": -26.902089766506556, "dy": -17.95343881409236, "rotation": 0.0}