{
    "depth": [
        [
            1.0,
            0.0,
            0.0,
            0.0
        ],
        [
            1.0,
            0.0,
            0.0,
            0.0
        ],
        [
            1.0,
            0.0,
            0.0,
            0.0
        ],
        [
            1.0,
            0.0,
            0.0,
            0.0
        ]
    ],
    "green": [
        [
            1.0459259675523462,
            -6.400348854651812,
            9.275133933590192,
            0.0
        ],
        [
            1.0637829725731816,
            -2.4986131076494513,
            11.528191292648692,
            0.0
        ],
        [
            1.0827613952822197,
            -2.4026878984486277,
            21.155165824361053,
            0.0
        ],
        [
            1.027214532244474,
            -13.607870335426808,
            7.457282461006769,
            0.0
        ]
    ],
    "red": [
        [
            1.0317329341235333,
            -10.00069194348235,
            6.33419766698466,
            0.0
        ],
        [
            1.0782221249055155,
            -0.060907821685773696,
            15.686901882324085,
            0.0
        ],
        [
            1.0271726578231368,
            -13.443256450062046,
            9.718705726265396,
            0.0
        ],
        [
            1.0290386788560768,
            -14.51881873768336,
            9.142295646267161,
            0.0
        ]
    ],
    "blue": [
        [
            1.0188653702883905,
            -10.817665082546446,
            2.608864716771691,
            0.0
        ],
        [
            1.0645918171941988,
            -2.2888348085000687,
            11.684531763055004,
            0.0
        ],
        [
            1.0106535629893505,
            -15.787608499134405,
            4.353137879916289,
            0.0
        ],
        [
            1.0333344523661316,
            -12.701865260798906,
            9.067904044291428,
            0.0
        ]
    ],
    "flir": [
        [
            1,
            0,
            0,
            0
        ],
        [
            1,
            0,
            0,
            0
        ],
        [
            1,
            0,
            0,
            0
        ],
        [
            1,
            0,
            0,
            0
        ]
    ]
}