{"scale": 0.8948947380142231, "dx": -50.35225106426903, "dy": -7.582221780973207, "rotation": -0.009594234675827014}