{"scale": 0.957767148909417, "dx": -26.87073174280917, "dy": -17.818579773882373, "rotation": 0.0}