{"scale": 0.9578180081226134, "dx": -26.88822025530937, "dy": -17.83253853065386, "rotation": 0.0}