{
    "scale": [
        0.9634685035961661
    ],
    "dx": [
        -17.186924031041936
    ],
    "dy": [
        -15.638028379181764
    ],
    "rotation": [
        0.0
    ]
}