{"scale": [0.8325085354429905], "dx": [-90.3724285506786], "dy": [-29.679800955341193], "rotation": [0.0024652526944781974]}