{
    "scale": [
        0.9941834727282735
    ],
    "dx": [
        -5.055414199594225
    ],
    "dy": [
        -8.48354724272206
    ],
    "rotation": [
        0.0
    ]
}