{"scale": [0.9819892815767335], "dx": [-10.13660979732473], "dy": [-10.236020040235093], "rotation": [0.0]}